bronc,tub,xray,lung,smoke,asia,dysp,either
0,1,1,1,0,1,0,1
1,1,1,1,1,1,1,1
0,1,1,1,0,1,0,1
1,1,1,1,0,1,1,1
0,1,1,1,0,1,1,1
1,1,1,1,0,1,1,1
1,1,1,1,1,1,1,1
1,1,1,1,1,1,1,1
0,1,1,1,0,1,1,1
1,1,1,1,1,1,1,1
1,1,1,1,0,1,1,1
0,1,1,1,0,1,0,1
1,1,1,1,0,1,1,1
1,1,1,1,0,1,1,1
1,1,1,1,0,1,1,1
0,1,1,1,0,1,1,1
1,1,1,1,0,1,1,1
1,1,1,1,1,1,1,1
1,1,1,1,0,1,1,1
1,1,1,1,1,1,1,1
1,1,1,1,1,1,1,1
1,1,1,1,1,1,1,1
0,1,1,1,0,1,0,1
1,1,1,1,1,1,1,1
1,1,1,1,1,1,1,1
0,1,1,1,0,1,0,1
1,1,1,1,0,1,1,1
1,1,1,1,0,1,1,1
1,1,1,1,1,1,1,1
1,1,1,1,1,1,1,1
1,1,1,1,1,1,1,1
1,1,1,1,0,1,1,1
1,1,1,1,1,1,1,1
1,1,1,1,1,1,1,1
1,1,1,1,0,1,0,1
1,1,1,1,1,1,1,1
1,1,1,1,1,1,1,1
1,1,1,1,1,1,1,1
0,1,1,1,0,1,0,1
0,1,1,1,0,1,1,1
0,1,1,1,0,1,0,1
0,1,1,1,0,1,0,1
1,1,1,1,0,1,1,1
1,1,1,1,1,1,1,1
0,1,1,1,0,1,1,1
1,1,1,1,0,1,1,1
0,1,1,1,1,1,0,1
1,1,1,1,1,1,1,1
0,1,1,1,1,1,0,1
1,1,1,1,1,1,1,1
1,1,1,1,1,1,1,1
1,1,1,1,0,1,1,1
0,1,1,1,0,1,0,1
1,1,1,1,1,1,0,1
1,1,1,1,1,1,1,1
1,1,1,1,1,1,1,1
1,1,1,1,1,1,1,1
1,1,1,1,0,1,1,1
0,1,1,1,1,1,0,1
0,1,0,1,0,1,1,1
1,1,0,1,1,1,0,1
1,1,1,1,1,1,1,1
0,1,1,1,0,1,0,1
0,1,1,1,1,1,1,1
1,1,1,1,1,1,1,1
0,1,1,1,0,1,0,1
1,1,1,1,1,1,1,1
1,1,1,1,1,1,0,1
1,1,1,1,0,1,0,1
0,1,1,1,0,1,0,1
0,1,1,1,0,1,0,1
0,1,1,1,1,1,1,1
1,1,1,1,1,1,1,1
0,1,0,0,0,1,0,0
0,1,1,1,0,1,0,1
0,1,1,1,0,1,0,1
1,1,1,1,1,1,1,1
1,1,1,1,0,1,0,1
0,1,1,1,0,1,0,1
1,1,1,1,1,1,1,1
0,1,1,1,1,1,0,1
1,1,0,1,0,1,1,1
1,1,1,1,0,1,1,1
0,1,1,1,0,1,0,1
0,1,1,1,1,1,0,1
1,1,1,1,1,1,1,1
1,1,1,1,1,1,0,1
1,1,1,1,0,1,1,1
0,1,1,1,0,1,0,1
1,1,1,1,1,1,1,1
1,1,1,1,1,1,1,1
0,1,1,1,0,1,0,1
1,1,1,1,1,1,0,1
0,1,1,1,1,1,0,1
1,1,1,1,1,1,1,1
1,1,1,1,1,1,0,1
1,1,1,1,1,1,1,1
0,1,1,1,1,1,0,1
0,1,0,1,0,1,0,1
0,1,1,1,0,1,1,1
0,1,1,1,0,1,0,1
0,1,1,1,0,1,0,1
0,1,1,1,0,1,0,1
1,1,1,1,1,1,1,1
1,1,1,1,1,1,1,1
1,1,1,1,0,1,1,1
0,1,1,1,1,1,0,1
0,1,1,1,1,1,1,1
1,1,1,1,0,1,0,1
0,1,1,1,1,1,1,1
1,1,1,1,1,1,1,1
1,1,1,1,0,1,1,1
0,1,1,1,0,0,0,1
0,1,1,1,1,1,0,1
0,1,1,1,1,1,1,1
0,1,0,0,0,1,0,0
0,1,1,1,0,1,1,1
1,1,1,1,0,1,1,1
0,1,1,1,0,1,1,1
0,1,1,1,0,1,0,1
1,1,1,1,1,1,1,1
1,1,1,1,1,1,1,1
1,1,1,1,1,1,1,1
0,1,1,1,0,1,0,1
1,1,1,1,1,1,1,1
1,1,1,1,1,1,0,1
0,1,1,1,1,1,0,1
0,1,1,1,0,1,0,1
0,1,1,1,0,1,0,1
1,1,1,1,0,1,1,1
1,1,1,1,1,1,1,1
0,1,1,1,0,1,0,1
1,1,1,1,1,1,1,1
1,1,1,1,0,1,1,1
0,1,1,1,1,1,1,1
1,0,0,1,0,1,0,0
0,1,1,1,0,1,0,1
1,1,1,1,0,1,0,1
0,1,1,1,0,1,0,1
1,1,1,1,0,1,1,1
1,1,1,1,1,1,1,1
1,1,1,1,1,1,1,1
1,1,0,0,1,1,0,0
1,1,1,1,1,1,1,1
1,1,1,1,1,1,1,1
0,1,1,1,0,1,0,1
1,1,1,1,1,1,0,1
0,1,1,1,1,1,0,1
0,1,1,1,0,1,0,1
0,1,0,1,1,1,0,1
1,1,1,1,0,1,0,1
0,1,0,1,0,1,0,1
1,1,1,1,1,1,1,1
0,1,1,1,1,1,0,1
1,1,1,1,1,1,1,1
1,1,1,1,1,1,1,1
0,1,1,1,0,1,1,1
1,1,1,1,0,1,1,1
0,1,1,1,1,1,0,1
1,1,1,1,1,1,1,1
1,1,1,1,1,1,1,1
1,1,1,1,1,1,1,1
0,1,1,1,0,1,0,1
1,1,1,1,1,1,1,1
1,1,1,1,1,1,1,1
0,1,0,0,0,1,0,0
0,1,1,1,0,1,0,1
0,1,1,1,0,1,0,1
1,1,0,0,0,1,0,0
1,1,1,1,1,1,1,1
1,1,1,1,0,1,1,1
1,1,1,1,1,1,1,1
0,1,1,1,0,1,1,1
1,1,0,1,1,1,1,1
1,1,1,1,1,1,1,1
1,1,1,1,1,1,1,1
1,1,1,1,0,1,1,1
1,1,1,1,1,1,1,1
0,1,1,1,1,1,1,1
0,1,1,1,0,1,1,1
1,1,1,1,1,1,1,1
1,1,1,1,1,1,1,1
1,1,1,1,0,1,1,1
0,1,1,1,0,1,0,1
1,1,1,1,1,1,1,1
0,1,0,0,0,1,0,0
0,1,1,1,0,1,0,1
1,1,1,1,0,1,1,1
1,1,1,1,1,1,0,1
1,1,0,0,0,1,0,0
0,1,1,1,0,1,0,1
0,1,1,1,0,1,0,1
1,1,1,1,1,1,1,1
1,1,1,1,1,1,0,1
1,1,1,1,1,1,1,1
0,1,1,1,0,1,0,1
1,1,1,1,0,1,1,1
1,1,1,1,0,1,1,1
1,1,1,1,1,1,1,1
0,1,0,1,1,1,0,1
1,1,1,1,1,1,1,1
1,1,1,1,1,1,1,1
0,1,1,1,1,1,0,1
1,1,1,1,0,1,1,1
1,1,1,1,0,1,1,1
1,1,1,1,0,1,1,1
0,1,1,1,0,1,1,1
1,1,1,1,1,1,1,1
0,1,1,1,0,1,0,1
1,1,1,1,1,1,1,1
1,1,1,1,0,1,1,1
1,1,1,1,0,1,1,1
0,1,1,1,1,1,0,1
1,1,1,1,1,1,1,1
0,1,1,1,0,1,0,1
1,1,1,1,1,1,1,1
1,1,0,1,0,1,1,1
1,1,1,1,1,1,1,1
0,1,1,1,0,1,1,1
1,1,1,1,1,1,1,1
0,1,1,1,0,1,1,1
1,1,1,1,1,1,1,1
0,1,1,1,1,1,0,1
1,1,1,1,1,1,1,1
1,1,1,1,1,1,0,1
1,1,1,1,1,1,0,1
1,1,1,1,0,1,1,1
1,0,0,1,1,1,1,0
1,1,1,1,0,1,1,1
0,1,1,1,1,1,0,1
1,1,1,1,1,1,1,1
0,1,1,1,1,1,0,1
0,1,1,1,1,1,0,1
0,1,1,1,1,1,0,1
1,1,1,1,1,1,1,1
1,1,1,1,1,1,1,1
1,1,1,1,1,1,1,1
1,1,1,1,1,1,1,1
0,1,1,1,0,1,0,1
1,1,1,1,0,1,1,1
0,1,1,1,1,1,0,1
1,1,1,1,0,1,1,1
0,1,1,1,0,1,0,1
0,1,1,1,1,1,0,1
1,1,1,1,0,1,1,1
1,1,1,1,0,1,1,1
1,1,1,1,0,1,1,1
1,1,1,1,1,1,0,1
1,1,1,1,0,1,1,1
0,1,1,1,0,1,0,1
0,1,1,1,1,1,0,1
0,1,1,1,0,1,0,1
1,1,1,1,1,1,1,1
1,1,1,1,0,1,1,1
0,1,0,1,1,1,0,1
0,1,1,1,1,1,0,1
1,1,1,1,1,1,1,1
0,1,1,1,0,1,0,1
0,1,1,1,0,1,0,1
0,1,1,1,1,1,0,1
1,0,0,1,0,1,0,0
1,1,1,1,0,1,1,1
0,1,1,1,1,1,0,1
0,1,1,1,0,1,0,1
1,1,1,1,0,1,1,1
1,1,1,1,1,1,1,1
1,1,1,1,1,1,1,1
1,1,1,1,1,1,1,1
0,1,1,1,0,1,0,1
1,1,1,1,0,1,1,1
1,1,1,1,1,1,1,1
0,1,1,1,0,1,1,1
0,1,1,1,0,1,0,1
1,1,1,1,1,1,1,1
0,1,1,1,0,1,0,1
1,1,1,1,0,1,1,1
0,1,1,1,0,1,0,1
0,1,1,1,0,1,1,1
1,1,1,1,1,1,1,1
1,1,1,1,1,1,1,1
0,1,1,1,1,1,0,1
1,1,0,1,1,1,1,1
1,1,1,1,1,1,1,1
0,1,1,1,1,1,0,1
0,1,1,1,0,1,0,1
0,1,1,1,0,1,0,1
1,1,1,1,1,1,1,1
0,1,1,1,0,1,0,1
0,1,1,1,0,1,0,1
0,1,1,1,0,1,0,1
0,1,1,1,1,1,1,1
1,1,1,1,0,1,1,1
1,1,1,1,0,1,1,1
1,1,1,1,1,1,1,1
1,1,1,1,1,1,1,1
1,1,1,1,0,1,1,1
1,1,1,1,1,1,1,1
0,1,1,1,0,1,1,1
0,1,1,1,0,1,0,1
0,1,1,1,1,1,1,1
1,1,0,0,0,1,0,0
1,1,1,1,1,1,1,1
1,1,1,1,1,1,1,1
0,1,1,1,1,1,0,1
1,1,1,1,0,1,1,1
1,1,1,1,1,1,1,1
1,1,1,1,1,1,1,1
1,1,1,1,1,1,1,1
0,1,1,1,0,1,0,1
1,1,1,1,1,1,1,1
0,1,1,1,1,1,0,1
1,1,1,1,1,1,1,1
1,1,1,1,1,1,1,1
0,1,1,1,1,1,0,1
0,1,1,1,0,1,1,1
1,1,1,1,1,1,1,1
1,1,1,1,1,1,1,1
1,1,1,1,1,1,0,1
1,1,1,1,1,1,0,1
1,1,1,1,1,1,1,1
0,1,1,1,0,1,0,1
1,1,1,1,1,1,1,1
0,1,1,1,1,1,0,1
1,1,1,1,0,1,1,1
0,1,1,1,0,1,0,1
0,1,1,1,1,1,1,1
0,1,1,1,0,1,0,1
1,1,0,1,1,1,1,1
0,1,1,1,0,1,1,1
1,1,1,1,0,1,1,1
1,1,1,1,0,1,1,1
0,1,0,0,0,1,0,0
0,1,1,1,0,1,0,1
0,1,1,1,1,1,0,1
0,1,1,1,0,1,0,1
0,1,1,1,1,1,0,1
1,1,1,1,1,1,1,1
0,1,1,1,1,1,0,1
0,1,1,1,0,1,0,1
1,1,1,1,1,1,1,1
1,1,1,1,1,1,1,1
1,1,1,1,0,1,1,1
0,1,1,1,0,1,0,1
0,1,1,1,1,1,0,1
1,1,1,1,1,1,1,1
0,1,1,1,1,1,0,1
0,1,1,1,0,1,1,1
1,1,1,1,0,1,1,1
0,1,1,1,1,1,0,1
1,1,1,1,0,1,1,1
1,1,1,1,1,1,1,1
1,1,1,1,1,1,1,1
1,1,0,1,0,1,1,1
0,1,1,1,0,1,0,1
1,1,1,1,1,1,1,1
0,1,1,1,1,1,1,1
1,1,1,1,1,1,1,1
0,1,1,1,1,1,0,1
1,1,0,1,1,1,0,1
0,1,0,1,0,1,0,1
1,1,1,1,1,1,1,1
0,1,1,1,0,1,0,1
0,1,1,1,1,1,0,1
1,1,1,1,1,1,1,1
0,1,1,1,0,1,0,1
1,1,1,1,0,1,1,1
0,1,1,1,0,1,0,1
0,1,0,0,0,1,0,0
1,1,1,1,1,1,1,1
0,1,1,1,0,1,0,1
0,1,1,1,1,1,1,1
1,1,1,1,1,1,1,1
0,1,1,1,1,1,1,1
1,1,1,1,1,1,1,1
1,1,1,1,1,1,1,1
1,1,1,1,1,1,1,1
0,1,0,0,0,1,0,0
0,1,1,1,1,1,0,1
1,1,1,1,1,1,1,1
0,1,1,1,0,1,0,1
1,1,1,1,1,1,1,1
1,1,1,1,1,1,1,1
0,1,1,1,0,0,0,1
1,1,1,1,1,1,1,1
1,1,1,1,0,1,1,1
1,1,1,1,1,1,1,1
0,1,1,1,0,1,0,1
0,1,1,1,1,1,0,1
1,1,1,1,1,1,0,1
0,1,1,1,0,1,0,1
0,1,1,1,0,1,0,1
1,1,1,1,1,1,0,1
0,1,1,1,1,1,0,1
0,1,1,1,0,1,0,1
1,1,1,1,0,1,0,1
1,1,1,1,0,1,1,1
1,1,1,1,1,1,1,1
1,1,1,1,1,1,1,1
0,1,1,1,0,1,0,1
0,1,0,0,1,1,1,0
1,1,0,1,0,1,1,1
1,1,1,1,1,1,1,1
1,1,1,1,0,1,1,1
0,1,1,1,0,1,0,1
0,1,1,1,0,1,0,1
1,1,1,1,0,1,1,1
1,1,1,1,1,1,0,1
1,1,1,1,0,1,0,1
1,1,1,1,0,1,1,1
1,1,1,1,1,1,1,1
1,1,1,1,0,1,1,1
0,1,1,1,1,1,1,1
1,1,1,1,1,1,1,1
1,1,0,0,0,1,1,0
0,1,1,1,1,1,0,1
1,1,1,1,1,1,1,1
1,1,1,1,1,1,1,1
0,1,1,1,1,1,0,1
1,1,1,1,1,1,1,1
1,1,1,1,1,1,1,1
1,1,1,1,1,1,1,1
1,1,1,1,1,1,1,1
0,1,1,1,0,1,1,1
0,1,1,1,1,1,0,1
1,1,1,1,1,1,1,1
1,1,1,1,1,1,1,1
1,1,1,1,1,1,1,1
0,1,0,1,0,1,1,1
0,1,1,1,1,1,0,1
0,1,1,1,0,1,0,1
1,1,1,1,1,1,0,1
1,1,1,1,0,1,1,1
0,1,1,1,0,1,0,1
1,1,1,1,0,1,0,1
1,1,1,1,1,1,1,1
0,1,1,1,1,1,0,1
0,1,1,1,0,1,1,1
0,1,1,1,0,1,0,1
1,1,1,1,0,1,1,1
1,1,1,1,1,1,0,1
1,1,1,1,1,1,1,1
0,1,1,1,1,1,0,1
1,1,1,1,1,1,1,1
1,1,1,1,0,1,1,1
1,1,1,1,1,1,1,1
1,1,1,1,1,1,1,1
0,1,1,1,1,1,0,1
1,1,1,1,0,1,1,1
1,1,1,1,0,1,1,1
0,1,1,1,1,1,0,1
0,1,1,1,1,1,0,1
1,1,0,1,1,1,1,1
1,1,1,1,0,1,1,1
0,1,1,1,0,1,0,1
0,1,1,1,1,1,0,1
1,1,0,0,0,1,1,0
1,1,1,1,1,1,1,1
0,1,1,1,1,1,1,1
1,1,1,1,0,1,1,1
1,1,1,1,1,1,1,1
0,1,1,1,0,1,0,1
0,1,1,1,0,1,0,1
1,1,1,1,1,1,1,1
1,1,1,1,0,1,1,1
1,1,1,1,0,1,1,1
0,1,1,1,1,1,0,1
0,1,0,1,1,1,0,1
1,1,1,1,1,1,1,1
1,1,1,1,0,1,1,1
1,1,1,1,0,1,1,1
0,1,1,1,0,1,0,1
0,1,1,1,0,1,0,1
0,1,1,1,1,1,0,1
0,1,1,1,0,1,0,1
1,1,1,1,1,1,0,1
1,1,1,1,1,1,1,1
0,1,1,1,0,1,0,1
1,1,1,1,1,1,1,1
1,1,1,1,1,1,1,1
1,1,1,1,0,1,1,1
1,1,0,0,0,1,0,0
1,1,1,1,1,1,1,1
1,1,1,1,1,1,1,1
1,1,1,1,1,1,1,1
1,1,0,1,1,1,0,1
1,1,0,0,1,1,1,0
0,1,1,1,0,1,0,1
0,1,1,1,0,1,1,1
1,1,1,1,0,1,1,1
1,1,1,1,0,1,1,1
0,1,0,0,0,1,0,0
1,1,1,1,1,1,1,1
1,1,1,1,1,1,1,1
1,1,1,1,0,1,1,1
0,1,0,0,0,1,1,0
0,1,1,1,0,1,0,1
1,1,1,1,1,1,1,1
1,1,1,1,1,1,1,1
0,1,1,1,1,0,0,1
0,1,1,1,0,1,0,1
0,1,1,1,0,1,0,1
1,1,1,1,0,1,1,1
0,1,1,1,1,1,0,1
1,1,1,1,1,1,1,1
1,1,1,1,0,1,1,1
1,1,1,1,1,1,1,1
0,1,1,1,0,1,0,1
0,1,1,1,1,1,0,1
0,1,1,1,1,1,1,1
1,1,1,1,1,1,0,1
1,1,1,1,0,1,1,1
1,1,1,1,0,1,0,1
1,1,1,1,1,1,1,1
1,1,1,1,1,1,1,1
0,1,1,1,1,1,0,1
1,1,1,1,1,1,1,1
0,1,1,1,0,1,0,1
1,1,1,1,0,1,1,1
1,1,0,0,0,0,0,0
1,1,1,1,0,1,1,1
0,1,1,1,0,1,0,1
0,1,0,0,0,1,0,0
0,1,1,1,0,1,0,1
0,1,1,1,0,1,0,1
0,1,1,1,0,1,0,1
0,1,1,1,0,1,1,1
1,1,1,1,1,1,0,1
0,1,0,0,0,1,0,0
0,1,1,1,0,1,1,1
1,1,1,1,1,1,0,1
0,1,1,1,0,1,1,1
0,1,1,1,1,1,0,1
0,1,1,1,0,1,0,1
1,1,1,1,1,1,0,1
1,1,1,1,1,1,1,1
0,1,1,1,1,1,0,1
1,1,1,1,1,1,1,1
0,1,1,1,0,1,1,1
1,1,1,1,1,1,1,1
0,1,0,0,0,1,0,0
0,1,1,1,0,1,0,1
1,1,0,0,0,1,1,0
0,1,1,1,0,1,0,1
1,1,1,1,0,1,1,1
1,1,1,1,0,1,1,1
1,1,1,1,0,1,1,1
1,1,1,1,1,1,1,1
0,1,1,1,1,1,0,1
1,1,0,1,1,1,1,1
1,1,1,1,1,1,1,1
0,1,1,1,1,1,0,1
1,1,1,1,0,1,1,1
0,1,0,1,1,1,1,1
1,1,1,1,1,1,1,1
1,1,1,1,0,1,1,1
1,1,1,1,0,1,1,1
0,1,1,1,1,1,1,1
1,1,1,1,1,1,1,1
1,1,1,1,1,1,1,1
1,1,1,1,1,1,1,1
0,1,1,1,0,1,0,1
1,1,1,1,1,1,1,1
1,1,1,1,1,1,1,1
1,1,1,1,1,1,1,1
1,1,1,1,0,1,1,1
0,1,1,1,0,1,0,1
0,1,1,1,0,1,0,1
0,1,0,0,1,1,0,0
1,1,1,1,1,1,1,1
0,1,1,1,1,1,1,1
1,1,1,1,0,1,1,1
1,1,1,1,1,1,1,1
1,1,1,1,0,1,1,1
1,1,0,0,0,1,0,0
1,1,1,1,1,1,0,1
0,1,1,1,0,1,1,1
0,1,1,1,0,1,0,1
0,1,1,1,0,1,0,1
1,1,1,1,1,1,0,1
0,1,1,1,1,1,0,1
0,1,1,1,0,1,0,1
0,1,1,1,0,1,0,1
1,1,1,1,1,1,1,1
0,1,1,1,1,1,0,1
1,1,1,1,0,1,1,1
0,1,1,1,0,1,0,1
1,1,1,1,0,1,1,1
1,1,1,1,1,1,1,1
1,1,0,0,0,1,0,0
1,1,1,1,0,1,0,1
0,1,1,1,0,1,0,1
0,1,1,1,0,1,1,1
1,1,1,1,1,1,1,1
1,1,1,1,0,1,1,1
0,1,1,1,0,1,1,1
1,1,1,1,1,1,0,1
1,1,1,1,0,1,1,1
0,1,1,1,1,1,0,1
0,1,1,1,1,1,0,1
1,1,1,1,1,1,1,1
1,1,1,1,0,1,0,1
0,1,1,1,1,1,0,1
1,1,1,1,1,1,1,1
0,1,0,0,0,1,1,0
1,1,1,1,1,1,1,1
1,1,1,1,1,1,1,1
0,1,1,1,1,1,0,1
1,1,1,1,0,1,0,1
1,1,1,1,0,1,1,1
0,1,1,1,0,1,0,1
1,1,1,1,1,1,1,1
0,1,1,1,1,1,0,1
1,1,1,1,0,1,1,1
0,1,1,1,0,0,0,1
1,1,1,1,1,1,1,1
1,1,1,1,1,1,1,1
1,1,1,1,0,1,1,1
1,1,1,1,0,1,1,1
0,1,1,1,0,1,0,1
0,1,0,1,1,1,0,1
0,1,1,1,0,1,0,1
1,1,1,1,0,1,1,1
1,1,1,1,1,1,1,1
0,1,1,1,1,1,0,1
0,1,1,1,0,1,0,1
1,1,1,1,1,1,1,1
1,1,1,1,0,1,1,1
0,1,1,1,0,0,0,1
1,1,1,1,0,1,0,1
0,1,1,1,0,1,0,1
0,1,1,1,0,1,0,1
1,1,1,1,0,1,1,1
1,1,1,1,1,1,1,1
1,1,1,1,1,1,1,1
1,1,1,1,0,1,1,1
0,1,1,1,0,1,0,1
1,1,1,1,1,1,1,1
1,1,1,1,1,1,1,1
1,1,1,1,1,1,1,1
1,1,1,1,1,1,0,1
0,1,1,1,0,1,0,1
0,1,1,1,1,1,0,1
0,1,1,1,1,1,1,1
1,1,0,0,0,1,1,0
0,1,0,0,0,1,0,0
0,1,1,1,0,1,0,1
0,1,1,1,1,1,0,1
1,1,1,1,1,1,1,1
0,1,0,1,0,1,1,1
1,1,1,1,1,1,1,1
1,1,1,1,0,1,1,1
1,1,1,1,1,1,1,1
1,1,1,1,1,1,1,1
0,1,1,1,1,1,1,1
1,1,1,1,1,1,1,1
1,1,1,1,1,1,0,1
0,1,1,1,0,1,1,1
0,1,1,1,0,1,0,1
0,1,1,1,1,1,1,1
0,1,1,1,0,1,0,1
1,1,1,1,1,1,1,1
1,1,1,1,1,1,1,1
0,1,1,1,0,1,1,1
0,1,1,1,1,1,1,1
0,1,1,1,0,1,0,1
0,1,1,1,0,1,0,1
1,1,1,1,0,1,1,1
1,0,0,1,0,1,1,0
1,1,1,1,0,1,1,1
0,1,0,1,1,1,1,1
1,1,1,1,0,1,1,1
1,1,1,1,1,1,1,1
0,1,1,1,0,1,1,1
1,1,1,1,1,1,1,1
0,1,0,1,0,1,0,1
0,1,1,1,0,1,0,1
1,1,1,1,1,1,1,1
1,1,1,1,1,1,1,1
0,1,1,1,1,1,0,1
1,1,1,1,1,1,1,1
0,1,1,1,1,1,0,1
1,1,1,1,1,1,0,1
0,1,1,1,1,1,0,1
1,1,1,1,0,1,1,1
1,1,0,0,0,1,0,0
0,1,1,1,0,1,0,1
0,1,1,1,0,1,1,1
0,1,1,1,1,1,0,1
0,1,1,1,0,1,1,1
0,1,1,1,1,1,0,1
1,1,1,1,1,1,1,1
0,1,1,1,1,1,0,1
1,1,1,1,1,1,1,1
1,1,1,1,1,1,1,1
0,1,1,1,0,1,1,1
1,1,1,1,1,1,1,1
1,1,1,1,1,1,1,1
1,1,1,1,0,1,0,1
1,1,1,1,1,1,1,1
0,1,1,1,0,1,0,1
1,1,1,1,1,1,1,1
1,1,1,1,1,1,1,1
0,1,1,1,1,1,0,1
1,1,1,1,0,1,1,1
1,1,1,1,0,1,1,1
0,1,1,1,0,1,0,1
0,1,1,1,0,1,1,1
1,1,1,1,1,1,0,1
1,1,1,1,0,1,1,1
1,1,1,1,1,1,1,1
0,1,1,1,0,1,0,1
1,1,1,1,1,0,1,1
0,1,1,1,0,1,0,1
1,1,1,1,1,1,1,1
0,1,1,1,1,1,0,1
1,1,1,1,1,1,1,1
1,1,0,0,0,1,0,0
1,1,0,1,1,1,1,1
1,1,1,1,0,1,1,1
1,1,1,1,1,1,1,1
0,1,1,1,0,1,0,1
0,1,1,1,0,1,1,1
1,1,1,1,1,1,1,1
1,1,0,1,1,1,1,1
1,1,1,1,1,1,1,1
1,1,1,1,1,1,1,1
1,1,1,1,1,1,1,1
0,1,1,1,0,1,0,1
1,1,1,1,1,1,0,1
1,1,1,1,0,1,1,1
0,1,1,1,0,1,0,1
1,1,1,1,0,1,1,1
1,1,1,1,1,1,1,1
1,1,1,1,0,1,1,1
1,1,1,1,0,1,1,1
1,1,0,0,1,1,0,0
1,1,1,1,1,1,1,1
1,1,1,1,0,1,1,1
1,1,1,1,0,1,1,1
0,1,1,1,0,1,0,1
1,1,1,1,1,1,1,1
0,1,1,1,1,1,0,1
0,1,1,1,1,1,0,1
1,1,1,1,0,1,1,1
0,1,1,1,0,1,0,1
0,1,0,0,0,1,0,0
1,1,1,1,0,1,1,1
1,1,1,1,1,1,1,1
1,1,0,1,1,1,1,1
0,1,1,1,0,1,0,1
1,1,0,0,0,1,0,0
0,1,1,1,1,1,1,1
0,1,1,1,1,1,0,1
1,1,1,1,1,1,1,1
1,1,1,1,0,1,1,1
1,1,1,1,1,1,1,1
1,1,0,1,1,1,1,1
1,1,1,1,0,1,0,1
0,1,1,1,1,1,0,1
1,1,1,1,0,1,1,1
0,1,1,1,1,1,0,1
1,1,1,1,1,1,1,1
1,1,0,0,0,1,0,0
1,1,1,1,1,1,1,1
1,1,1,1,0,1,1,1
1,1,1,1,1,1,1,1
1,1,1,1,0,1,0,1
1,1,1,1,1,1,1,1
1,1,1,1,1,1,1,1
1,1,1,1,1,1,1,1
0,1,1,1,0,1,0,1
1,1,1,1,1,1,1,1
0,1,1,1,0,1,0,1
1,1,1,1,1,1,1,1
0,1,1,1,0,1,0,1
1,1,0,1,1,1,1,1
0,1,1,1,0,1,0,1
1,1,0,1,1,1,1,1
0,1,0,0,0,1,0,0
1,1,1,1,1,1,1,1
1,1,1,1,1,1,1,1
0,1,1,1,0,1,0,1
0,1,0,0,0,1,0,0
0,1,1,1,1,1,1,1
0,1,1,1,0,1,0,1
1,1,0,0,0,1,1,0
1,1,1,1,1,1,1,1
0,1,1,1,0,1,0,1
0,1,1,1,0,1,1,1
1,1,1,1,1,1,0,1
0,1,1,1,1,1,0,1
0,1,1,1,0,1,0,1
1,1,1,1,1,1,1,1
1,1,1,1,1,1,0,1
0,1,1,1,0,1,0,1
1,1,1,1,1,1,1,1
0,1,0,1,0,1,0,1
0,1,1,1,0,1,0,1
0,1,1,1,1,1,0,1
1,1,1,1,1,1,1,1
0,1,1,1,0,1,0,1
1,1,1,1,1,1,1,1
1,1,1,1,1,1,1,1
1,1,1,1,1,1,1,1
1,1,1,1,1,1,1,1
0,1,1,1,1,1,0,1
1,1,1,1,1,1,1,1
1,1,1,1,1,1,1,1
1,1,1,1,0,1,1,1
1,1,0,1,1,1,1,1
1,1,1,1,1,1,1,1
0,1,0,1,1,1,0,1
1,1,1,1,1,1,1,1
1,1,1,1,1,1,1,1
0,1,1,1,0,1,0,1
1,1,1,1,0,1,1,1
0,1,1,1,0,1,0,1
0,1,1,1,0,1,0,1
0,1,0,0,0,1,0,0
0,1,1,1,0,1,0,1
1,1,1,1,0,1,1,1
1,1,1,1,1,1,0,1
0,1,1,1,1,1,0,1
0,1,1,1,0,1,0,1
0,1,1,1,1,1,0,1
0,1,0,0,0,1,0,0
1,1,1,1,0,1,1,1
1,1,1,1,0,1,1,1
0,1,1,1,1,1,0,1
1,1,1,1,1,1,1,1
1,1,1,1,0,1,0,1
0,1,1,1,0,1,0,1
0,1,1,1,0,1,0,1
0,1,1,1,0,1,0,1
1,1,1,1,0,1,1,1
0,1,1,1,1,1,0,1
0,1,1,1,0,1,0,1
0,1,1,1,0,1,0,1
1,1,1,1,1,1,1,1
0,1,1,1,1,1,0,1
1,1,1,1,1,1,1,1
0,1,1,1,0,1,0,1
1,1,0,1,1,1,1,1
0,1,1,1,0,1,0,1
1,1,1,1,0,1,1,1
1,1,1,1,1,1,1,1
0,1,1,1,1,1,0,1
1,1,1,1,1,1,1,1
0,1,0,0,0,1,0,0
0,1,1,1,0,1,0,1
0,1,1,1,1,1,0,1
1,1,0,0,0,1,0,0
0,1,1,1,0,1,0,1
1,1,1,1,0,1,1,1
1,1,1,1,0,1,1,1
0,1,1,1,1,1,1,1
1,1,1,1,0,1,1,1
0,1,1,1,0,1,0,1
1,1,1,1,0,1,1,1
0,1,0,1,0,1,0,1
1,1,1,1,0,1,1,1
0,1,1,1,0,1,0,1
1,1,1,1,0,1,1,1
1,1,1,1,1,1,1,1
1,1,1,1,1,1,1,1
1,1,1,1,0,1,1,1
0,1,1,1,0,1,0,1
1,1,1,1,0,1,1,1
0,1,1,1,0,1,0,1
1,1,1,1,1,1,1,1
0,1,1,1,0,1,0,1
1,1,1,1,1,1,1,1
1,1,1,1,1,1,0,1
0,1,1,1,1,1,0,1
0,1,1,1,0,1,0,1
0,1,1,1,1,1,0,1
1,1,0,0,0,1,0,0
0,1,1,1,0,1,0,1
1,1,1,1,1,1,1,1
1,1,1,1,1,1,1,1
0,1,1,1,1,1,0,1
1,1,1,1,1,1,0,1
1,1,1,1,1,1,1,1
1,1,1,1,1,1,1,1
0,1,1,1,1,1,1,1
1,1,1,1,1,1,1,1
1,1,1,1,1,1,1,1
0,1,1,1,0,1,1,1
0,1,1,1,1,1,1,1
1,1,1,1,1,1,1,1
0,1,1,1,1,1,0,1
1,1,1,1,0,1,1,1
1,1,1,1,0,1,1,1
0,1,1,1,1,1,1,1
1,1,0,0,0,1,0,0
1,1,1,1,1,1,1,1
0,1,1,1,0,1,1,1
0,1,1,1,1,1,1,1
0,1,0,0,0,1,0,0
1,1,1,1,0,1,1,1
1,1,0,1,0,1,1,1
1,1,1,1,1,1,1,1
0,1,1,1,0,1,1,1
0,1,1,1,1,1,0,1
0,1,1,1,0,1,0,1
1,1,1,1,0,1,1,1
0,1,1,1,1,1,0,1
0,1,1,1,1,1,0,1
0,1,1,1,0,1,0,1
0,1,1,1,0,1,0,1
1,1,1,1,0,1,1,1
1,1,1,1,1,1,1,1
1,1,1,1,1,1,1,1
0,1,1,1,0,1,0,1
1,1,1,1,0,1,1,1
1,1,1,1,1,1,1,1
0,1,1,1,0,1,0,1
0,1,1,1,0,1,0,1
1,1,1,1,0,1,1,1
0,1,1,1,0,1,1,1
0,1,1,1,1,1,0,1
0,1,0,0,0,1,0,0
0,1,1,1,0,1,0,1
0,1,1,1,1,1,0,1
1,1,0,0,0,1,1,0
1,1,1,1,1,1,0,1
0,1,0,0,0,1,0,0
1,1,1,1,0,1,1,1
0,1,1,1,0,1,0,1
0,1,1,1,1,1,0,1
0,1,1,1,0,1,0,1
1,0,0,1,0,1,0,0
1,1,0,1,1,1,1,1
0,1,0,0,0,1,0,0
1,1,1,1,1,1,1,1
1,1,1,1,1,1,1,1
1,1,1,1,1,1,1,1
1,1,1,1,1,1,1,1
0,1,1,1,1,1,0,1
0,1,1,1,0,1,0,1
0,1,1,1,1,1,0,1
0,0,0,1,1,1,0,0
1,1,1,1,1,1,1,1
1,1,1,1,1,1,1,1
1,1,0,1,0,1,0,1
0,1,1,1,0,1,1,1
1,1,1,1,1,1,1,1
0,1,1,1,0,1,0,1
0,1,1,1,0,1,0,1
1,1,1,1,1,1,1,1
1,1,1,1,1,1,1,1
1,1,1,1,1,1,1,1
1,1,1,1,1,1,1,1
1,1,0,1,0,1,0,1
1,1,1,1,1,1,1,1
1,1,1,1,0,1,1,1
1,1,1,1,0,1,1,1
0,1,1,1,0,1,1,1
0,1,1,1,0,1,0,1
1,1,1,1,0,1,1,1
1,1,1,1,1,1,1,1
0,1,0,1,1,1,0,1
1,1,1,1,0,1,1,1
0,1,1,1,0,1,0,1
1,1,1,1,0,1,1,1
0,1,0,1,0,1,0,1
1,1,1,1,1,1,1,1
0,1,1,1,0,1,1,1
1,1,1,1,1,1,1,1
1,1,1,1,1,1,1,1
1,1,1,1,0,1,1,1
0,1,1,1,0,1,0,1
1,1,1,1,1,1,0,1
1,1,1,1,0,1,1,1
1,1,1,1,1,1,1,1
1,1,1,1,1,1,1,1
1,1,1,1,0,1,1,1
1,1,1,1,1,1,1,1
1,1,1,1,1,1,1,1
0,1,1,1,1,1,0,1
1,1,1,1,1,1,1,1
1,1,1,1,1,1,0,1
1,1,1,1,1,1,1,1
0,1,1,1,1,1,0,1
1,1,1,1,1,1,1,1
1,1,1,1,1,1,1,1
1,1,1,1,1,1,1,1
0,1,1,1,1,1,0,1
0,1,1,1,1,1,0,1
0,1,1,1,0,1,0,1
0,1,1,1,0,1,0,1
0,1,1,1,0,1,0,1
0,1,1,1,0,1,0,1
0,1,1,1,0,1,1,1
1,1,1,1,1,1,1,1
0,1,1,1,0,1,0,1
1,1,1,1,0,1,1,1
1,1,1,1,1,1,1,1
1,1,1,1,1,1,1,1
1,1,1,1,1,1,1,1
1,1,1,1,1,1,1,1
0,1,1,1,0,1,0,1
1,1,1,1,1,1,1,1
0,1,1,1,0,1,1,1
1,1,1,1,0,1,1,1
0,1,1,1,0,1,0,1
1,1,1,1,0,1,1,1
0,1,0,0,0,1,1,0
1,1,1,1,1,1,1,1
0,1,0,0,1,1,0,0
1,1,1,1,1,1,1,1
0,1,1,1,0,1,1,1
0,1,1,1,0,1,0,1
1,1,1,1,0,1,1,1
0,1,1,1,0,1,1,1
1,1,1,1,1,1,1,1
1,0,0,1,1,1,0,0
0,1,1,1,1,1,1,1
1,1,1,1,1,1,1,1
0,1,1,1,1,1,0,1
0,1,1,1,0,1,0,1
1,1,0,1,1,1,1,1
0,1,1,1,0,1,0,1
1,1,1,1,1,1,1,1
1,1,1,1,0,1,0,1
0,1,1,1,0,1,0,1
1,1,1,1,1,1,1,1
0,1,0,1,0,1,0,1
1,1,1,1,1,1,1,1
0,1,1,1,1,1,0,1
0,0,0,1,0,1,0,0
0,1,1,1,1,1,0,1
1,1,1,1,0,1,1,1
0,1,1,1,0,1,0,1
0,1,1,1,0,1,0,1
1,1,1,1,1,1,1,1
0,1,1,1,0,1,0,1
0,1,1,1,0,1,0,1
0,1,1,1,0,1,1,1
0,1,1,1,1,1,0,1
1,1,1,1,0,1,1,1
1,1,1,1,1,1,1,1
0,1,1,1,0,1,0,1
0,1,1,1,0,1,0,1
1,1,1,1,1,1,1,1
1,1,0,1,1,1,1,1
1,1,1,1,1,1,1,1
0,1,1,1,0,1,0,1
0,1,1,1,0,1,0,1
0,1,1,1,0,1,0,1
0,1,1,1,0,1,0,1
0,1,1,1,1,1,1,1
1,1,1,1,1,1,0,1
0,1,1,1,0,1,0,1
1,1,1,1,0,1,1,1
1,1,1,1,0,1,1,1
1,1,1,1,1,1,1,1
1,1,1,1,1,1,1,1
1,1,1,1,1,1,1,1
0,1,1,1,0,1,0,1
1,1,1,1,1,1,1,1
0,1,0,0,0,1,1,0
1,1,1,1,0,1,1,1
1,1,1,1,1,1,1,1
0,1,1,1,0,1,0,1
1,1,1,1,1,1,1,1
0,1,1,1,0,1,0,1
1,1,1,1,1,1,1,1
1,1,1,1,1,1,1,1
0,1,1,1,1,1,1,1
1,1,1,1,0,1,1,1
1,1,1,1,0,1,0,1
1,1,1,1,1,1,1,1
0,1,1,1,0,1,0,1
0,0,0,1,1,1,0,0
0,1,0,0,0,1,0,0
1,1,1,1,1,1,1,1
1,1,1,1,0,1,1,1
1,1,1,1,1,1,1,1
0,1,1,1,0,1,0,1
1,1,0,1,1,1,1,1
0,1,1,1,0,1,1,1
0,1,1,1,0,1,1,1
0,1,1,1,1,1,0,1
1,1,1,1,1,1,0,1
0,1,1,1,1,0,0,1
0,1,1,1,0,1,0,1
0,1,1,1,0,1,0,1
0,1,1,1,0,1,0,1
1,1,1,1,1,1,1,1
1,1,1,1,1,1,1,1
0,1,1,1,0,1,0,1
1,1,1,1,0,1,0,1
1,1,1,1,1,1,0,1
0,1,1,1,0,1,1,1
1,1,1,1,1,1,1,1
1,1,1,1,1,1,1,1
0,1,1,1,0,1,0,1
0,1,1,1,0,1,1,1
1,1,1,1,1,1,1,1
1,1,1,1,1,1,1,1
1,1,1,1,1,1,1,1
1,1,1,1,1,1,1,1
1,1,1,1,1,1,1,1
0,1,1,1,0,1,0,1
0,1,1,1,0,1,0,1
1,1,0,0,0,1,0,0
0,1,1,1,0,1,0,1
1,1,1,1,0,1,1,1
0,1,1,1,1,1,1,1
0,1,1,1,0,1,0,1
1,1,1,1,1,1,1,1
1,1,1,1,1,0,1,1
0,1,1,1,0,1,0,1
1,1,1,1,0,1,1,1
1,1,1,1,1,1,1,1
1,1,1,1,1,1,1,1
1,0,0,1,1,1,0,0
1,1,1,1,1,1,1,1
1,1,1,1,1,1,1,1
1,1,1,1,1,1,1,1
0,1,1,1,0,1,0,1
0,1,1,1,0,1,0,1
1,1,1,1,0,1,1,1
1,1,1,1,0,1,1,1
1,1,1,1,1,1,1,1
1,1,1,1,0,1,1,1
0,1,1,1,1,1,0,1
0,1,0,1,0,1,0,1
0,1,1,1,1,1,0,1
0,1,1,1,1,1,0,1
0,1,1,1,1,1,0,1
1,1,1,1,1,1,1,1
0,1,1,1,0,1,0,1
0,1,1,1,1,1,0,1
0,1,1,1,1,1,0,1
1,1,1,1,0,1,1,1
1,1,1,1,1,1,0,1
0,1,1,1,0,1,0,1
0,1,1,1,0,1,0,1
1,1,1,1,0,1,0,1
0,1,1,1,1,1,0,1
0,1,1,1,0,1,0,1
0,1,1,1,0,1,1,1
1,1,1,1,1,1,1,1
1,1,1,1,1,1,1,1
1,1,1,1,1,1,1,1
0,1,1,1,0,1,0,1
0,1,0,1,0,1,0,1
1,1,1,1,1,1,1,1
0,1,1,1,0,1,1,1
0,1,1,1,0,1,0,1
1,1,1,1,0,1,1,1
0,1,1,1,0,1,0,1
1,1,1,1,1,1,1,1
0,1,1,1,0,1,0,1
1,1,1,1,1,1,1,1
0,1,1,1,1,1,0,1
0,1,1,1,0,1,0,1
0,1,1,1,0,1,0,1
0,1,1,1,0,1,0,1
1,1,1,1,1,1,1,1
1,1,1,1,1,1,1,1
0,1,1,1,1,1,1,1
0,1,1,1,1,1,0,1
1,1,1,1,1,1,1,1
1,1,1,1,1,1,1,1
0,1,1,1,0,1,0,1
1,1,1,1,1,1,1,1
0,1,1,1,0,1,1,1
0,1,1,1,1,1,1,1
1,1,1,1,1,1,1,1
1,1,1,1,1,1,1,1
1,1,1,1,1,1,1,1
1,1,1,1,1,1,1,1
1,1,1,1,0,1,1,1
1,1,1,1,0,1,1,1
0,1,1,1,1,1,0,1
1,1,1,1,0,1,1,1
0,1,1,1,1,1,0,1
1,1,1,1,1,1,1,1
0,1,1,1,1,1,1,1
0,1,0,0,0,1,0,0
0,1,1,1,0,1,0,1
0,1,0,0,0,1,0,0
0,1,1,1,0,1,0,1
1,1,1,1,0,1,1,1
0,1,1,1,1,1,1,1
1,1,1,1,1,1,1,1
0,1,1,1,0,1,0,1
1,1,1,1,0,1,1,1
0,1,1,1,0,1,1,1
1,1,1,1,0,1,1,1
0,1,1,1,1,1,0,1
0,1,1,1,0,1,1,1
1,1,1,1,1,1,1,1
0,1,1,1,0,1,0,1
0,1,1,1,1,1,0,1
0,1,1,1,0,1,0,1
0,1,1,1,0,1,0,1
1,1,1,1,1,1,1,1
0,1,1,1,0,1,0,1
1,1,1,1,1,1,1,1
1,1,1,1,0,1,1,1
1,1,1,1,0,1,1,1
1,1,1,1,1,1,1,1
1,1,1,1,0,1,1,1
1,1,1,1,1,1,1,1
1,1,1,1,0,1,1,1
1,1,1,1,0,1,0,1
0,1,0,1,0,1,0,1
1,1,0,1,1,1,1,1
1,1,1,1,0,1,1,1
0,1,1,1,0,1,0,1
1,1,1,1,1,1,1,1
1,1,1,1,0,1,1,1
0,1,1,1,0,1,0,1
0,1,1,1,1,1,0,1
0,1,1,1,0,1,1,1
1,1,1,1,0,1,0,1
1,1,1,1,1,1,1,1
0,1,1,1,0,1,0,1
0,1,1,1,0,1,0,1
1,1,1,1,1,1,1,1
1,1,1,1,1,1,1,1
0,1,1,1,1,1,0,1
0,1,1,1,0,1,0,1
1,1,1,1,1,1,1,1
0,1,1,1,0,1,0,1
1,1,1,1,0,1,1,1
1,1,1,1,0,1,1,1
1,1,1,1,1,1,0,1
0,1,1,1,1,1,1,1
0,1,1,1,0,1,0,1
1,1,0,1,0,1,1,1
0,1,1,1,0,1,0,1
1,1,1,1,0,1,1,1
1,1,1,1,1,1,1,1
1,1,1,1,1,1,0,1
0,1,1,1,0,1,0,1
0,1,1,1,0,1,0,1
1,1,1,1,1,1,1,1
0,1,1,1,0,1,0,1
0,1,1,1,0,1,0,1
0,1,1,1,1,1,0,1
0,1,1,1,0,1,0,1
1,1,1,1,1,1,1,1
0,1,0,0,0,1,0,0
1,1,1,1,0,1,1,1
0,1,1,1,0,1,1,1
0,1,1,1,0,1,0,1
1,1,1,1,0,1,1,1
1,1,1,1,1,1,0,1
0,1,1,1,1,1,0,1
0,1,0,1,0,1,0,1
1,1,0,0,1,1,0,0
1,1,1,1,1,1,1,1
0,1,1,1,0,1,0,1
1,1,1,1,1,1,1,1
1,1,1,1,1,1,1,1
1,1,1,1,1,1,0,1
0,1,1,1,0,1,0,1
0,1,1,1,1,1,0,1
1,1,1,1,0,1,1,1
1,1,1,1,0,1,1,1
1,1,1,1,0,1,1,1
1,1,1,1,1,1,1,1
1,1,1,1,0,1,1,1
1,1,1,1,1,1,1,1
1,1,1,1,1,1,1,1
1,1,1,1,0,1,1,1
1,1,1,1,1,1,1,1
0,1,1,1,0,1,0,1
0,1,1,1,0,1,1,1
1,1,1,1,1,1,0,1
0,1,1,1,0,1,0,1
1,1,1,1,0,1,1,1
0,1,0,0,0,1,0,0
1,1,1,1,1,1,0,1
0,1,1,1,0,1,0,1
0,1,1,1,1,1,0,1
1,1,1,1,0,1,1,1
0,1,1,1,1,1,1,1
1,1,1,1,1,1,1,1
1,1,1,1,1,1,1,1
0,0,0,1,0,1,0,0
1,1,1,1,1,1,1,1
1,1,1,1,0,1,1,1
0,1,1,1,1,1,0,1
1,1,1,1,0,1,1,1
1,1,1,1,0,1,1,1
1,1,1,1,1,1,1,1
1,1,1,1,1,1,1,1
0,1,1,1,0,1,0,1
0,1,1,1,0,1,0,1
0,1,1,1,1,1,0,1
1,1,1,1,1,1,1,1
1,1,0,0,0,1,1,0
0,1,0,0,0,1,0,0
1,1,1,1,1,1,1,1
0,1,1,1,1,0,0,1
1,1,1,1,1,1,1,1
1,1,1,1,1,1,0,1
1,1,1,1,1,1,1,1
1,1,1,1,1,1,1,1
0,1,0,1,0,1,0,1
0,1,1,1,0,1,0,1
1,1,1,1,1,1,1,1
0,1,1,1,1,1,0,1
1,1,1,1,1,1,1,1
0,1,0,0,0,1,0,0
0,1,1,1,0,1,1,1
0,1,1,1,1,1,0,1
1,1,1,1,1,1,1,1
1,1,1,1,0,1,1,1
1,1,1,1,0,1,1,1
0,1,1,1,0,1,0,1
1,1,1,1,1,1,1,1
1,1,1,1,0,1,1,1
1,1,1,1,0,1,1,1
1,1,1,1,1,1,1,1
1,1,1,1,1,1,1,1
1,1,1,1,1,1,0,1
1,1,1,1,1,1,1,1
1,1,1,1,1,1,1,1
0,1,0,0,0,1,0,0
1,1,1,1,0,1,1,1
0,1,1,1,0,1,0,1
0,1,1,1,0,1,0,1
1,1,1,1,0,1,1,1
1,1,1,1,0,1,1,1
1,1,1,1,1,1,1,1
1,1,1,1,1,1,1,1
0,1,1,1,0,1,0,1
1,1,1,1,1,1,1,1
0,1,1,1,1,1,1,1
1,1,1,1,0,1,1,1
0,1,1,1,0,1,0,1
1,1,1,1,1,1,1,1
1,1,1,1,0,1,1,1
0,1,1,1,1,1,0,1
1,1,1,1,1,1,0,1
0,1,1,1,0,1,0,1
1,1,1,1,1,1,1,1
1,1,1,1,0,1,1,1
0,1,0,0,0,1,1,0
0,1,1,1,0,1,0,1
1,1,1,1,1,1,1,1
1,1,1,1,1,1,1,1
1,1,0,0,0,1,0,0
0,1,1,1,1,1,0,1
0,1,1,1,1,1,0,1
0,1,1,1,1,1,0,1
1,1,1,1,0,1,1,1
0,1,1,1,0,1,0,1
0,1,1,1,1,1,0,1
1,1,1,1,1,1,1,1
1,1,1,1,0,1,1,1
1,1,1,1,0,1,1,1
1,1,1,1,0,1,1,1
0,1,1,1,1,1,0,1
0,1,1,1,0,1,0,1
0,0,0,1,1,1,0,0
1,1,1,1,0,1,1,1
1,1,1,1,0,1,1,1
1,1,1,1,1,1,1,1
1,1,1,1,1,1,1,1
1,1,1,1,1,1,1,1
1,1,1,1,1,1,1,1
0,1,1,1,1,1,0,1
0,1,1,1,1,1,0,1
0,1,1,1,1,1,0,1
1,1,1,1,0,1,1,1
1,1,1,1,0,1,1,1
0,1,1,1,0,1,0,1
1,1,1,1,1,1,1,1
0,1,1,1,0,1,1,1
0,1,1,1,1,1,0,1
1,1,1,1,0,1,1,1
1,1,1,1,1,1,1,1
0,1,1,1,1,1,0,1
0,1,1,1,0,1,0,1
1,1,1,1,1,1,1,1
0,0,0,0,0,1,0,0
1,1,1,1,0,1,1,1
1,1,1,1,0,1,1,1
1,1,1,1,1,1,1,1
0,1,1,1,1,1,0,1
1,1,1,1,1,1,1,1
1,1,1,1,1,1,1,1
0,1,1,1,0,1,0,1
0,1,1,1,1,1,0,1
1,1,1,1,0,1,1,1
1,1,1,1,0,1,1,1
0,1,1,1,0,1,0,1
1,1,1,1,0,1,1,1
0,1,1,1,0,1,0,1
1,1,1,1,1,1,1,1
0,1,1,1,1,1,0,1
1,1,1,1,1,1,1,1
1,1,1,1,0,1,1,1
1,1,1,1,1,1,1,1
1,1,0,0,0,1,0,0
1,1,1,1,1,1,1,1
1,1,1,1,0,1,1,1
0,1,1,1,1,1,0,1
0,1,1,1,0,1,0,1
0,1,1,1,1,1,0,1
0,1,1,1,0,1,0,1
0,1,1,1,0,1,0,1
0,1,1,1,1,1,0,1
1,1,1,1,0,1,1,1
1,1,1,1,1,1,1,1
0,1,0,0,0,1,0,0
1,1,1,1,0,1,1,1
0,1,1,1,0,1,1,1
0,1,1,1,0,1,1,1
1,1,1,1,1,1,1,1
1,1,1,1,1,1,0,1
1,1,1,1,1,1,1,1
1,1,1,1,1,1,1,1
0,1,1,1,0,1,0,1
1,1,1,1,1,1,1,1
0,1,1,1,0,1,0,1
1,1,1,1,1,1,1,1
1,1,1,1,1,1,1,1
0,1,0,0,0,1,0,0
1,1,1,1,0,1,1,1
1,1,1,1,1,1,0,1
0,1,1,1,0,1,0,1
1,1,1,1,1,1,1,1
0,1,1,1,1,1,0,1
0,1,0,0,0,1,0,0
1,1,1,1,0,1,1,1
0,1,1,1,0,1,0,1
1,1,1,1,1,1,0,1
0,1,1,1,1,1,0,1
0,1,0,0,0,1,1,0
0,1,1,1,0,1,1,1
1,1,1,1,0,1,1,1
0,1,1,1,1,1,0,1
1,1,1,1,1,1,1,1
1,1,1,1,1,1,0,1
1,1,1,1,0,1,1,1
0,1,1,1,0,1,1,1
1,1,1,1,1,1,1,1
1,1,1,1,1,1,0,1
1,1,1,1,0,1,1,1
0,1,0,0,0,1,0,0
1,1,1,1,0,1,1,1
1,1,1,1,0,1,1,1
0,1,1,1,1,1,1,1
0,1,1,1,1,1,0,1
1,1,1,1,0,1,1,1
0,1,1,1,1,1,0,1
0,1,0,0,0,1,1,0
0,1,1,1,1,1,0,1
0,1,0,1,0,1,0,1
0,1,0,1,0,1,1,1
1,1,1,1,0,1,1,1
1,1,1,1,0,1,1,1
0,1,1,1,1,1,0,1
1,1,1,1,0,1,1,1
0,1,1,1,0,1,0,1
0,1,1,1,0,1,0,1
0,1,1,1,0,1,0,1
1,1,1,1,1,1,1,1
1,1,1,1,1,1,1,1
1,1,0,1,1,1,1,1
1,1,1,1,1,1,1,1
0,1,1,1,1,1,1,1
0,1,1,1,1,1,0,1
1,1,1,1,1,1,1,1
1,1,0,1,0,1,0,1
1,1,0,1,1,1,1,1
1,1,1,1,0,1,1,1
0,1,1,1,0,1,0,1
1,1,1,1,1,1,1,1
0,1,0,1,0,1,0,1
1,1,1,1,1,1,1,1
0,1,0,1,1,1,1,1
1,1,1,1,0,1,1,1
1,1,1,1,1,1,1,1
1,1,1,1,0,1,1,1
0,1,1,1,0,1,1,1
1,1,1,1,0,1,1,1
0,1,1,1,0,1,0,1
0,1,0,0,1,1,1,0
0,1,0,0,0,1,1,0
1,1,1,1,1,1,0,1
0,1,1,1,1,1,0,1
1,1,0,1,1,1,1,1
1,1,1,1,0,1,1,1
1,1,0,0,1,1,0,0
1,1,1,1,1,1,1,1
1,1,1,1,1,1,0,1
1,1,1,1,1,1,1,1
1,1,1,1,1,1,1,1
1,1,0,1,1,1,1,1
1,1,1,1,1,1,1,1
0,1,1,1,0,1,1,1
1,1,1,1,1,1,1,1
1,1,0,0,0,1,0,0
0,1,1,1,1,1,1,1
0,1,0,0,0,1,0,0
1,1,1,1,1,1,1,1
1,1,1,1,1,1,1,1
0,1,1,1,0,1,0,1
0,1,1,1,0,1,1,1
0,1,1,1,1,1,0,1
0,1,1,1,1,1,0,1
0,1,1,1,0,1,1,1
1,1,1,1,1,1,1,1
1,1,1,1,1,1,1,1
0,1,1,1,0,1,0,1
1,1,1,1,0,1,0,1
1,1,1,1,1,1,1,1
1,1,1,1,1,1,1,1
1,1,1,1,1,1,1,1
0,1,0,0,0,1,0,0
1,1,1,1,0,1,1,1
0,1,1,1,0,1,1,1
1,1,1,1,1,1,1,1
1,1,1,1,0,1,1,1
0,1,1,1,0,1,0,1
0,1,1,1,0,1,0,1
1,1,1,1,1,1,1,1
1,1,0,1,0,1,1,1
1,1,1,1,0,1,1,1
0,1,1,1,0,1,0,1
0,1,1,1,0,1,0,1
0,1,1,1,0,1,1,1
0,1,1,1,0,1,0,1
1,1,1,1,1,1,0,1
0,1,1,1,0,1,0,1
1,1,1,1,1,1,1,1
1,1,1,1,1,1,1,1
1,1,1,1,1,1,1,1
1,1,1,1,1,1,1,1
0,1,1,1,1,1,0,1
0,1,1,1,0,1,0,1
1,1,1,1,1,1,1,1
0,1,0,0,0,1,0,0
0,1,0,0,0,1,0,0
1,1,1,1,1,1,1,1
1,1,1,1,1,1,0,1
0,1,1,1,1,1,0,1
1,1,1,1,0,1,1,1
0,1,1,1,0,1,0,1
0,1,1,1,0,1,0,1
1,1,1,1,0,1,1,1
0,1,1,1,1,1,0,1
0,1,1,1,1,1,0,1
1,1,1,1,0,1,1,1
1,1,1,1,1,1,1,1
1,1,0,0,0,1,0,0
1,1,1,1,0,1,1,1
1,1,1,1,1,1,1,1
1,1,1,1,1,1,1,1
1,1,1,1,0,1,1,1
0,1,1,1,0,1,0,1
1,1,1,1,1,1,0,1
1,1,1,1,1,1,1,1
0,1,1,1,0,1,0,1
1,1,1,1,1,1,1,1
0,1,1,1,0,1,0,1
0,1,1,1,0,1,0,1
1,1,1,1,1,1,1,1
0,1,1,1,0,1,0,1
1,1,1,1,1,1,0,1
0,1,1,1,1,1,0,1
0,1,1,1,1,1,1,1
0,1,1,1,1,1,1,1
0,1,1,1,1,1,1,1
1,1,1,1,1,1,1,1
0,1,1,1,0,1,1,1
1,1,1,1,1,1,1,1
1,1,1,1,1,1,1,1
0,1,1,1,0,1,0,1
0,1,1,1,0,1,1,1
1,1,1,1,1,1,1,1
0,1,1,1,0,1,0,1
1,1,1,1,1,1,1,1
1,1,1,1,1,1,1,1
0,1,1,1,0,1,1,1
1,1,1,1,0,1,1,1
0,1,1,1,1,1,0,1
0,1,1,1,0,1,1,1
1,1,1,1,1,1,0,1
1,1,1,1,1,1,1,1
1,1,1,1,1,1,1,1
1,1,0,1,1,1,1,1
1,1,1,1,1,1,1,1
0,1,1,1,0,1,0,1
1,1,1,1,1,1,1,1
0,1,1,1,0,1,0,1
0,1,1,1,0,1,0,1
1,1,1,1,1,1,1,1
1,1,1,1,1,1,1,1
0,1,1,1,1,1,1,1
1,1,1,1,1,1,1,1
0,1,1,1,0,1,0,1
1,1,1,1,1,1,1,1
0,1,1,1,1,1,0,1
0,1,1,1,1,1,0,1
1,1,1,1,0,1,1,1
0,1,1,1,1,1,0,1
1,1,1,1,0,1,1,1
1,1,1,1,0,1,1,1
0,1,1,1,1,1,0,1
0,1,0,0,0,1,1,0
0,1,1,1,0,1,0,1
1,1,1,1,1,1,1,1
0,1,1,1,1,1,0,1
0,1,1,1,0,1,0,1
1,1,1,1,1,1,1,1
1,1,1,1,0,1,1,1
0,1,1,1,0,1,0,1
1,1,1,1,1,1,1,1
0,1,1,1,0,1,0,1
0,1,1,1,0,1,0,1
1,1,0,1,1,1,1,1
1,1,1,1,0,1,1,1
1,1,0,0,0,1,1,0
0,1,1,1,1,1,0,1
1,1,1,1,1,1,1,1
1,1,1,1,1,1,1,1
1,1,1,1,0,1,1,1
1,1,1,1,1,1,1,1
0,1,1,1,1,1,0,1
1,1,1,1,1,1,0,1
0,1,1,1,0,1,0,1
0,1,1,1,1,1,1,1
1,1,1,1,1,1,1,1
0,1,1,1,1,1,0,1
0,1,1,1,1,1,0,1
0,1,1,1,1,1,0,1
0,1,1,1,0,0,0,1
1,1,1,1,0,1,1,1
0,1,1,1,0,1,0,1
1,1,1,1,1,1,1,1
1,1,1,1,1,1,1,1
0,1,1,1,0,1,0,1
1,1,1,1,1,1,1,1
0,1,1,1,1,1,0,1
1,1,1,1,1,1,1,1
1,1,1,1,1,1,1,1
0,1,1,1,0,1,1,1
0,1,1,1,1,1,0,1
0,1,0,0,0,1,0,0
1,1,1,1,0,1,1,1
1,1,0,0,0,1,0,0
1,1,1,1,1,1,1,1
0,1,1,1,0,1,0,1
0,1,1,1,0,1,0,1
1,1,1,1,0,1,1,1
1,1,1,1,1,1,1,1
0,1,1,1,0,1,0,1
0,1,1,1,0,1,0,1
1,1,1,1,1,1,1,1
0,1,1,1,0,1,0,1
0,1,1,1,0,1,0,1
0,1,1,1,0,1,1,1
0,1,0,1,0,1,0,1
1,1,1,1,1,1,1,1
0,1,0,1,0,1,0,1
1,1,1,1,1,1,1,1
1,1,1,1,0,1,1,1
0,1,1,1,1,0,1,1
1,1,1,1,1,1,1,1
0,1,0,1,1,1,0,1
1,1,1,1,0,1,1,1
0,1,1,1,0,1,0,1
0,1,1,1,0,1,0,1
0,1,1,1,0,1,1,1
1,0,0,1,1,1,1,0
0,1,1,1,0,1,0,1
0,1,1,1,0,1,1,1
1,1,1,1,0,1,1,1
1,1,1,1,1,1,1,1
1,1,1,1,1,1,1,1
1,1,1,1,0,1,1,1
1,1,1,1,1,1,1,1
1,1,1,1,1,1,1,1
0,1,1,1,1,1,0,1
1,1,1,1,1,1,1,1
1,1,1,1,0,1,1,1
1,1,1,1,1,1,1,1
1,1,1,1,1,1,1,1
1,1,1,1,1,1,1,1
1,1,1,1,1,1,1,1
0,1,1,1,0,1,0,1
0,1,0,1,1,1,0,1
1,1,1,1,1,1,0,1
1,1,1,1,0,1,1,1
0,1,1,1,0,1,0,1
1,1,1,1,1,1,1,1
1,1,0,0,0,1,0,0
0,1,1,1,1,1,0,1
1,1,1,1,0,1,1,1
1,1,1,1,1,1,1,1
1,1,1,1,1,1,1,1
0,1,1,1,0,1,0,1
0,1,1,1,0,1,1,1
1,1,1,1,0,1,1,1
1,1,1,1,1,1,1,1
1,1,1,1,1,1,1,1
0,1,1,1,0,1,0,1
1,1,1,1,1,1,1,1
0,1,1,1,0,1,0,1
1,1,1,1,1,1,1,1
1,1,1,1,1,1,1,1
1,1,1,1,0,1,1,1
0,1,1,1,1,1,0,1
1,1,1,1,1,1,1,1
1,1,1,1,1,1,1,1
1,1,1,1,1,1,1,1
1,1,1,1,1,1,1,1
1,1,1,1,1,1,1,1
0,1,1,1,1,1,0,1
1,1,1,1,1,1,1,1
1,1,1,1,1,1,1,1
1,1,0,1,1,1,1,1
1,1,1,1,1,1,1,1
1,1,1,1,1,1,1,1
1,1,1,1,0,1,1,1
0,1,1,1,0,1,1,1
1,1,1,1,0,1,1,1
0,1,1,1,0,1,1,1
1,1,1,1,1,1,0,1
1,1,1,1,1,1,1,1
0,0,0,1,0,1,0,0
1,1,1,1,0,1,1,1
1,1,1,1,0,1,1,1
1,1,1,1,0,1,1,1
1,1,1,1,0,1,1,1
0,1,1,1,0,1,0,1
1,1,1,1,1,1,1,1
0,1,1,1,0,1,0,1
1,1,1,1,1,1,1,1
0,1,1,1,0,1,0,1
1,1,1,1,0,1,1,1
1,1,1,1,0,1,1,1
1,1,1,1,1,1,1,1
0,1,1,1,0,1,0,1
0,1,1,1,1,1,0,1
0,1,1,1,1,1,0,1
0,1,1,1,0,1,0,1
0,1,1,1,0,1,1,1
1,1,1,1,0,1,1,1
0,1,0,0,0,1,0,0
0,1,1,1,0,1,0,1
1,1,1,1,1,1,1,1
1,1,1,1,1,1,1,1
0,1,1,1,1,1,0,1
0,1,1,1,1,1,0,1
0,1,1,1,1,1,0,1
1,1,1,1,0,1,1,1
1,1,1,1,1,1,1,1
1,1,1,1,1,1,1,1
0,1,1,1,1,1,0,1
1,1,1,1,0,1,0,1
0,1,1,1,0,1,0,1
1,1,1,1,1,1,1,1
1,1,1,1,1,1,1,1
1,1,1,1,0,1,1,1
1,1,1,1,1,1,1,1
0,1,1,1,0,1,0,1
1,1,1,1,1,1,1,1
1,1,1,1,1,1,1,1
0,1,1,1,0,1,0,1
0,1,1,1,0,1,1,1
1,1,1,1,1,1,1,1
0,1,1,1,0,1,1,1
1,1,1,1,1,1,1,1
0,1,1,1,0,1,0,1
0,1,1,1,0,1,1,1
1,1,1,1,0,1,1,1
0,1,1,1,0,1,0,1
0,1,1,1,0,1,0,1
1,1,1,1,1,1,1,1
0,1,1,1,0,1,0,1
1,1,0,1,1,1,1,1
1,1,1,1,1,1,0,1
0,1,1,1,1,1,0,1
1,1,1,1,1,1,1,1
0,1,1,1,0,1,0,1
0,1,1,1,0,1,1,1
0,1,1,1,1,1,0,1
1,1,1,1,0,1,1,1
1,1,1,1,1,1,1,1
0,1,1,1,0,1,0,1
1,1,1,1,0,1,1,1
1,1,1,1,1,1,1,1
1,1,1,1,1,1,1,1
1,1,1,1,1,1,1,1
0,1,1,1,0,1,0,1
1,1,0,0,0,1,1,0
1,1,1,1,1,1,1,1
0,1,1,1,0,1,0,1
1,1,1,1,0,1,1,1
0,1,1,1,0,1,0,1
1,1,1,1,1,1,1,1
1,1,1,1,0,1,1,1
0,1,1,1,0,1,0,1
1,1,1,1,1,1,0,1
1,1,1,1,1,1,1,1
0,1,1,1,0,1,0,1
1,1,1,1,0,1,1,1
0,1,1,1,1,1,0,1
1,1,1,1,0,1,1,1
0,1,1,1,1,1,1,1
1,1,1,1,1,1,1,1
0,1,1,1,0,1,0,1
1,1,1,1,1,1,1,1
1,1,1,1,0,1,1,1
1,1,1,1,0,1,1,1
0,1,1,1,0,1,1,1
1,1,1,1,1,1,1,1
1,1,1,1,0,1,1,1
1,1,1,1,1,1,1,1
1,1,1,1,1,1,1,1
0,1,0,1,1,1,0,1
0,1,1,1,1,1,0,1
1,1,1,1,1,1,1,1
1,1,1,1,0,1,0,1
1,1,1,1,0,1,1,1
1,1,1,1,1,1,1,1
1,1,1,1,1,1,1,1
1,1,1,1,0,1,0,1
1,0,0,1,1,1,0,0
1,1,1,1,1,1,0,1
1,1,1,1,1,1,0,1
0,1,1,1,1,1,1,1
0,1,1,1,0,1,0,1
0,1,1,1,1,1,0,1
0,1,1,1,0,1,0,1
1,1,0,1,0,1,1,1
0,1,1,1,1,1,0,1
1,1,1,1,1,1,1,1
0,1,1,1,0,1,0,1
1,1,1,1,1,1,1,1
0,1,0,1,0,1,0,1
0,1,1,1,1,1,0,1
0,1,1,1,0,1,0,1
0,1,1,1,0,1,0,1
1,1,1,1,0,1,1,1
0,1,1,1,0,1,0,1
1,1,1,1,1,1,1,1
0,1,1,1,0,1,0,1
0,0,0,1,0,1,0,0
0,1,1,1,1,1,0,1
0,1,1,1,1,1,0,1
1,1,1,1,0,1,1,1
1,1,1,1,1,1,1,1
1,0,0,1,1,1,0,0
1,1,1,1,1,1,1,1
1,1,1,1,1,1,1,1
0,1,1,1,0,1,1,1
1,1,1,1,1,1,1,1
0,1,1,1,0,1,0,1
0,1,1,1,1,1,1,1
0,1,1,1,0,1,0,1
1,1,1,1,0,1,1,1
0,1,1,1,0,1,0,1
1,1,1,1,1,1,1,1
0,1,1,1,1,1,0,1
0,1,1,1,0,1,0,1
1,1,1,1,1,1,1,1
1,1,1,1,1,1,0,1
1,1,0,1,1,1,1,1
1,1,1,1,0,1,1,1
1,1,1,1,1,1,1,1
1,1,1,1,0,1,1,1
0,1,1,1,0,1,0,1
1,1,1,1,1,1,1,1
1,1,1,1,1,1,1,1
0,1,1,1,0,1,0,1
1,1,1,1,0,1,1,1
0,1,1,1,0,1,0,1
1,1,1,1,0,1,1,1
0,1,0,0,0,1,0,0
1,1,1,1,1,1,1,1
1,1,1,1,0,1,1,1
1,1,1,1,1,1,1,1
1,1,1,1,0,1,1,1
0,1,1,1,0,1,0,1
1,1,1,1,0,1,1,1
1,1,1,1,0,1,1,1
0,1,1,1,0,1,0,1
1,1,1,1,1,1,1,1
1,1,1,1,1,1,1,1
0,1,1,1,0,1,0,1
1,1,1,1,1,1,1,1
1,1,1,1,0,1,1,1
0,1,1,1,1,1,0,1
1,1,1,1,1,1,1,1
1,1,0,0,0,1,0,0
0,1,1,1,1,1,0,1
0,1,1,1,1,1,1,1
1,1,1,1,0,0,1,1
1,1,1,1,0,1,1,1
1,1,1,1,1,1,1,1
1,1,0,0,0,1,0,0
1,1,0,0,0,1,0,0
0,1,0,1,0,1,0,1
1,1,1,1,0,1,1,1
1,1,1,1,0,1,1,1
0,1,1,1,1,1,0,1
0,1,1,1,1,1,1,1
0,1,0,1,1,1,0,1
0,1,1,1,0,1,1,1
0,1,1,1,0,1,0,1
0,1,1,1,0,1,0,1
1,1,1,1,1,1,1,1
0,1,1,1,0,1,0,1
1,1,1,1,0,1,1,1
1,1,1,1,1,1,1,1
1,1,1,1,1,1,1,1
0,1,1,1,0,1,0,1
0,1,0,0,0,1,0,0
1,1,1,1,1,1,1,1
1,1,1,1,1,1,1,1
1,1,1,1,1,1,1,1
1,1,1,1,1,1,1,1
1,1,0,1,1,1,1,1
1,1,0,0,0,1,0,0
0,1,1,1,0,1,0,1
1,1,0,1,0,1,1,1
0,1,1,1,1,1,0,1
0,1,1,1,1,1,0,1
0,1,1,1,1,1,0,1
0,1,1,1,1,1,0,1
0,1,1,1,1,1,1,1
0,1,0,0,0,1,0,0
1,1,1,1,1,1,1,1
0,1,1,1,0,1,0,1
1,1,1,1,1,1,1,1
1,1,1,1,1,1,1,1
0,1,1,1,1,1,0,1
0,1,1,1,1,1,0,1
1,1,1,1,1,1,1,1
0,1,1,1,0,1,0,1
1,1,1,1,1,1,1,1
0,1,1,1,1,1,0,1
1,1,1,1,1,1,1,1
0,1,1,1,1,1,0,1
1,1,1,1,1,1,1,1
1,1,1,1,0,1,0,1
1,1,1,1,0,1,1,1
1,1,0,0,0,1,0,0
1,1,1,1,1,1,1,1
1,1,1,1,0,1,1,1
1,1,1,1,1,1,1,1
1,1,1,1,1,1,1,1
1,1,1,1,1,1,1,1
1,1,1,1,1,1,1,1
0,1,1,1,1,1,0,1
0,1,1,1,0,1,0,1
1,1,0,1,1,1,1,1
1,1,1,1,0,1,1,1
0,1,1,1,1,1,0,1
1,1,1,1,1,1,1,1
0,1,1,1,0,1,0,1
0,1,1,1,0,1,0,1
1,1,1,1,0,1,1,1
1,1,1,1,1,1,1,1
1,1,1,1,0,1,0,1
1,1,1,1,0,1,1,1
0,1,1,1,1,1,0,1
1,1,1,1,1,1,1,1
1,1,1,1,1,1,1,1
0,1,1,1,0,1,1,1
0,1,1,1,1,1,0,1
1,1,1,1,0,1,0,1
1,1,1,1,1,1,1,1
1,1,1,1,1,1,1,1
0,0,0,1,0,1,0,0
1,1,1,1,0,1,1,1
0,1,1,1,0,1,0,1
0,1,1,1,0,1,0,1
1,1,1,1,0,1,1,1
0,1,1,1,0,1,0,1
1,1,1,1,1,1,1,1
1,1,1,1,0,1,0,1
1,1,1,1,1,1,1,1
0,1,1,1,0,1,1,1
1,1,1,1,0,1,1,1
1,1,1,1,1,1,1,1
1,1,1,1,0,1,1,1
0,1,1,1,0,1,1,1
1,1,0,1,1,1,1,1
1,1,1,1,0,1,1,1
1,1,1,1,1,1,1,1
0,1,1,1,0,1,1,1
1,1,1,1,1,1,1,1
1,1,1,1,0,1,1,1
0,1,1,1,0,1,0,1
0,1,1,1,0,1,0,1
0,1,1,1,0,1,0,1